metric_date,paid_orders,paying_users,revenue,aov
2025-01-01,3,3,1253.76,417.92
2025-01-02,1,1,93.12,93.12
2025-01-03,4,4,1795.18,448.80
2025-01-04,4,4,1045.50,261.38
2025-01-05,9,9,4051.85,450.21
2025-01-06,4,4,1975.73,493.93
2025-01-07,4,4,2038.13,509.53
2025-01-08,5,5,1823.14,364.63
2025-01-09,7,7,2098.07,299.72
2025-01-10,11,11,2889.99,262.73
2025-01-11,8,8,3956.91,494.61
2025-01-12,12,12,3271.81,272.65
2025-01-13,10,10,2454.37,245.44
2025-01-14,21,21,11223.93,534.47
2025-01-15,18,18,6679.73,371.10
2025-01-16,21,21,6050.52,288.12
2025-01-17,17,17,6184.75,363.81
2025-01-18,17,17,9739.91,572.94
2025-01-19,17,17,7976.21,469.19
2025-01-20,27,27,7722.80,286.03
2025-01-21,29,29,10973.44,378.39
2025-01-22,26,25,9942.28,382.40
2025-01-23,17,17,5831.11,343.01
2025-01-24,29,28,12476.78,430.23
2025-01-25,33,33,16327.25,494.77
2025-01-26,32,32,15441.23,482.54
2025-01-27,25,25,8782.58,351.30
2025-01-28,31,30,10216.69,329.57
2025-01-29,31,31,8834.74,284.99
2025-01-30,38,37,16138.54,424.70
2025-01-31,38,38,10931.99,287.68
2025-02-01,43,43,24519.26,570.22
2025-02-02,40,40,17298.39,432.46
2025-02-03,50,50,20342.50,406.85
2025-02-04,38,37,15148.68,398.65
2025-02-05,40,40,20022.81,500.57
2025-02-06,53,52,16467.01,310.70
2025-02-07,39,38,16075.23,412.19
2025-02-08,46,44,14793.62,321.60
2025-02-09,50,50,22093.11,441.86
2025-02-10,64,62,20515.62,320.56
2025-02-11,53,53,24474.52,461.78
2025-02-12,50,50,18990.25,379.81
2025-02-13,49,49,21246.32,433.60
2025-02-14,56,55,20298.66,362.48
2025-02-15,61,61,20469.98,335.57
2025-02-16,58,56,24204.45,417.32
2025-02-17,57,56,15924.93,279.38
2025-02-18,48,48,20387.16,424.73
2025-02-19,56,56,21863.93,390.43
2025-02-20,76,76,27178.30,357.61
2025-02-21,77,77,23916.03,310.60
2025-02-22,62,62,21572.32,347.94
2025-02-23,68,66,22531.20,331.34
2025-02-24,65,65,27250.29,419.24
2025-02-25,65,64,22414.90,344.84
2025-02-26,71,71,27841.73,392.14
2025-02-27,75,75,26651.52,355.35
2025-02-28,78,77,27661.65,354.64
2025-03-01,89,86,30262.49,340.03
2025-03-02,87,85,29395.33,337.88
2025-03-03,73,73,32116.57,439.95
2025-03-04,112,110,47643.85,425.39
2025-03-05,76,73,33901.16,446.07
2025-03-06,87,86,41365.03,475.46
2025-03-07,94,94,36515.70,388.46
2025-03-08,82,82,31837.10,388.26
2025-03-09,95,93,37722.38,397.08
2025-03-10,84,84,31065.62,369.83
2025-03-11,93,93,35892.44,385.94
2025-03-12,82,79,34796.16,424.34
2025-03-13,99,97,36244.59,366.11
2025-03-14,99,96,44780.96,452.33
2025-03-15,98,97,36139.85,368.77
2025-03-16,118,115,45575.14,386.23
2025-03-17,128,124,54257.19,423.88
2025-03-18,114,113,44756.03,392.60
2025-03-19,105,104,48822.40,464.98
2025-03-20,117,117,49917.05,426.64
2025-03-21,111,111,40027.37,360.61
2025-03-22,119,119,59013.27,495.91
2025-03-23,111,111,46576.30,419.61
2025-03-24,112,110,47183.69,421.28
2025-03-25,102,101,34298.18,336.26
2025-03-26,119,118,47673.73,400.62
2025-03-27,121,121,40698.28,336.35
2025-03-28,138,138,58136.30,421.28
2025-03-29,124,123,46296.03,373.36
2025-03-30,144,143,59254.24,411.49
2025-03-31,123,122,47989.18,390.16
2025-04-01,167,164,68455.94,409.92
2025-04-02,151,151,62865.92,416.33
2025-04-03,142,140,46978.05,330.83
2025-04-04,149,147,57511.73,385.98
2025-04-05,145,145,64717.96,446.33
2025-04-06,137,136,54579.78,398.39
2025-04-07,160,160,63146.70,394.67
2025-04-08,150,148,54320.25,362.14
2025-04-09,144,140,61095.63,424.28
2025-04-10,154,152,56624.93,367.69
2025-04-11,155,152,60017.65,387.21
2025-04-12,182,177,67531.57,371.05
2025-04-13,150,147,70062.11,467.08
2025-04-14,155,154,57001.11,367.75
2025-04-15,148,146,57323.04,387.32
2025-04-16,146,144,59467.25,407.31
2025-04-17,154,151,55738.35,361.94
2025-04-18,164,162,73264.33,446.73
2025-04-19,179,176,63292.85,353.59
2025-04-20,166,165,74715.10,450.09
2025-04-21,169,166,76364.21,451.86
2025-04-22,179,174,67816.75,378.86
2025-04-23,185,184,81404.81,440.03
2025-04-24,164,162,62656.82,382.05
2025-04-25,192,189,83395.94,434.35
2025-04-26,170,167,64925.05,381.91
2025-04-27,207,205,84687.63,409.12
2025-04-28,176,172,68026.39,386.51
2025-04-29,208,205,81971.12,394.09
2025-04-30,187,187,88375.06,472.59
2025-05-01,189,183,73229.19,387.46
2025-05-02,190,188,73116.22,384.82
2025-05-03,170,168,63651.30,374.42
2025-05-04,181,178,76603.77,423.23
2025-05-05,197,195,79269.87,402.39
2025-05-06,186,186,77461.39,416.46
2025-05-07,200,196,75354.97,376.77
2025-05-08,207,203,88313.35,426.63
2025-05-09,205,201,80331.63,391.86
2025-05-10,205,202,87899.59,428.78
2025-05-11,201,197,85616.14,425.95
2025-05-12,213,209,86213.86,404.76
2025-05-13,193,191,70214.40,363.81
2025-05-14,213,210,91181.38,428.08
2025-05-15,227,224,103778.96,457.18
2025-05-16,254,252,84959.37,334.49
2025-05-17,222,218,84836.88,382.15
2025-05-18,229,223,75349.18,329.04
2025-05-19,243,239,91601.42,376.96
2025-05-20,241,240,97619.69,405.06
2025-05-21,247,244,79663.47,322.52
2025-05-22,234,233,91465.61,390.88
2025-05-23,269,265,107672.01,400.27
2025-05-24,222,221,101211.89,455.91
2025-05-25,223,221,74930.90,336.01
2025-05-26,256,250,107132.78,418.49
2025-05-27,253,245,105844.30,418.36
2025-05-28,279,272,118214.52,423.71
2025-05-29,254,252,97548.12,384.05
2025-05-30,240,238,108196.74,450.82
2025-05-31,267,262,98905.37,370.43
2025-06-01,244,242,99913.07,409.48
2025-06-02,288,284,115647.71,401.55
2025-06-03,302,298,129711.28,429.51
2025-06-04,301,298,115594.88,384.04
2025-06-05,266,261,107116.24,402.69
2025-06-06,263,259,103712.71,394.34
2025-06-07,273,266,102119.82,374.07
2025-06-08,248,243,91089.23,367.30
2025-06-09,248,245,97276.07,392.24
2025-06-10,277,274,108387.41,391.29
2025-06-11,250,244,95707.91,382.83
2025-06-12,306,302,131023.70,428.18
2025-06-13,275,272,101629.01,369.56
2025-06-14,290,288,117188.40,404.10
2025-06-15,281,277,99207.93,353.05
2025-06-16,296,294,123195.17,416.20
2025-06-17,290,283,116877.73,403.03
2025-06-18,291,286,102409.17,351.92
2025-06-19,297,295,116257.51,391.44
2025-06-20,290,287,115508.19,398.30
2025-06-21,337,333,129554.50,384.43
2025-06-22,286,276,115567.81,404.08
2025-06-23,334,331,130381.45,390.36
2025-06-24,304,295,116386.47,382.85
2025-06-25,300,297,116760.33,389.20
2025-06-26,308,305,118603.11,385.08
2025-06-27,336,329,142297.09,423.50
2025-06-28,334,322,136004.60,407.20
2025-06-29,332,326,125954.51,379.38
2025-06-30,345,340,120344.83,348.83
2025-07-01,340,335,124543.35,366.30
2025-07-02,325,318,120659.58,371.26
2025-07-03,339,335,137270.53,404.93
2025-07-04,323,318,134115.66,415.22
2025-07-05,341,337,134144.02,393.38
2025-07-06,346,340,152923.99,441.98
2025-07-07,356,352,143694.37,403.64
2025-07-08,346,339,135961.34,392.95
2025-07-09,375,366,150920.62,402.45
2025-07-10,349,345,134028.75,384.04
2025-07-11,349,342,144365.22,413.65
2025-07-12,351,343,124299.49,354.13
2025-07-13,373,366,133714.82,358.48
2025-07-14,352,346,139774.36,397.09
2025-07-15,387,378,151299.44,390.95
2025-07-16,338,331,131650.41,389.50
2025-07-17,376,360,141893.16,377.38
2025-07-18,419,409,164500.14,392.60
2025-07-19,386,380,150760.97,390.57
2025-07-20,377,370,146782.08,389.34
2025-07-21,390,382,164029.56,420.59
2025-07-22,403,387,150863.61,374.35
2025-07-23,376,368,148122.43,393.94
2025-07-24,408,399,179877.06,440.88
2025-07-25,447,429,180073.61,402.85
2025-07-26,409,397,172180.88,420.98
2025-07-27,409,402,173148.06,423.34
2025-07-28,408,399,161715.13,396.36
2025-07-29,404,399,139149.27,344.43
2025-07-30,384,375,145863.96,379.85
2025-07-31,388,378,158849.88,409.41
2025-08-01,444,435,151330.30,340.83
2025-08-02,426,420,168765.87,396.16
2025-08-03,403,394,162208.65,402.50
2025-08-04,472,460,192465.95,407.77
2025-08-05,426,422,177075.67,415.67
2025-08-06,401,389,162607.13,405.50
2025-08-07,429,422,179262.26,417.86
2025-08-08,458,453,198335.54,433.05
2025-08-09,443,435,163394.45,368.84
2025-08-10,450,441,182154.68,404.79
2025-08-11,423,415,197629.65,467.21
2025-08-12,479,473,174644.50,364.60
2025-08-13,485,473,193207.06,398.37
2025-08-14,442,437,177093.87,400.66
2025-08-15,469,461,162110.18,345.65
2025-08-16,460,454,174644.21,379.66
2025-08-17,488,479,199510.89,408.83
2025-08-18,488,475,171126.77,350.67
2025-08-19,461,455,192180.11,416.88
2025-08-20,488,480,202326.37,414.60
2025-08-21,487,478,178665.78,366.87
2025-08-22,497,489,202139.78,406.72
2025-08-23,427,419,182392.62,427.15
2025-08-24,526,516,220573.10,419.34
2025-08-25,533,527,226322.53,424.62
2025-08-26,495,481,189268.07,382.36
2025-08-27,514,497,204024.82,396.94
2025-08-28,493,481,182737.64,370.66
2025-08-29,497,493,200643.51,403.71
2025-08-30,471,459,188779.47,400.81
2025-08-31,492,478,182933.20,371.82
2025-09-01,515,501,191431.45,371.71
2025-09-02,499,489,208405.11,417.65
2025-09-03,515,505,203183.83,394.53
2025-09-04,562,556,203934.16,362.87
2025-09-05,565,552,237256.56,419.92
2025-09-06,541,534,229697.97,424.58
2025-09-07,566,557,237494.38,419.60
2025-09-08,544,529,218481.97,401.62
2025-09-09,556,546,206548.56,371.49
2025-09-10,548,540,231165.95,421.84
2025-09-11,592,580,238737.00,403.27
2025-09-12,527,514,212073.18,402.42
2025-09-13,588,572,245177.16,416.97
2025-09-14,638,623,262086.83,410.79
2025-09-15,557,553,232992.72,418.30
2025-09-16,587,568,220100.69,374.96
2025-09-17,606,593,249852.02,412.30
2025-09-18,613,597,250737.34,409.03
2025-09-19,614,598,253113.47,412.24
2025-09-20,591,579,227516.61,384.97
2025-09-21,603,585,259000.76,429.52
2025-09-22,629,622,246208.69,391.43
2025-09-23,571,559,229727.30,402.32
2025-09-24,633,610,242739.65,383.47
2025-09-25,654,639,274206.43,419.28
2025-09-26,597,584,247140.55,413.97
2025-09-27,623,601,254715.87,408.85
2025-09-28,659,647,257710.26,391.06
2025-09-29,665,648,259358.02,390.01
2025-09-30,635,615,244337.43,384.78
2025-10-01,627,611,244972.70,390.71
2025-10-02,633,618,240793.38,380.40
2025-10-03,640,626,259045.96,404.76
2025-10-04,638,622,245369.65,384.59
2025-10-05,648,632,275604.46,425.32
2025-10-06,666,651,259088.44,389.02
2025-10-07,656,640,268426.81,409.19
2025-10-08,658,645,277381.05,421.55
2025-10-09,675,654,282385.79,418.35
2025-10-10,601,590,238447.56,396.75
2025-10-11,642,627,260854.21,406.31
2025-10-12,625,609,215543.13,344.87
2025-10-13,642,623,254296.43,396.10
2025-10-14,613,594,251404.15,410.12
2025-10-15,629,617,245433.72,390.20
2025-10-16,604,594,237309.71,392.90
2025-10-17,614,600,233584.78,380.43
2025-10-18,624,602,242238.26,388.20
2025-10-19,637,621,247392.84,388.37
2025-10-20,604,586,233421.92,386.46
2025-10-21,635,613,250256.05,394.10
2025-10-22,624,607,232048.20,371.87
2025-10-23,619,603,246116.66,397.60
2025-10-24,633,619,268854.62,424.73
2025-10-25,591,577,249030.92,421.37
2025-10-26,628,615,258361.09,411.40
2025-10-27,624,606,244886.36,392.45
2025-10-28,589,569,247915.47,420.91
2025-10-29,619,604,242736.75,392.14
2025-10-30,590,577,230679.80,390.98
2025-10-31,624,610,242368.29,388.41
2025-11-01,601,582,225436.52,375.10
2025-11-02,589,561,235143.28,399.22
2025-11-03,593,577,237149.30,399.91
2025-11-04,629,610,235873.33,375.00
2025-11-05,551,534,210961.50,382.87
2025-11-06,612,600,249755.36,408.10
2025-11-07,609,592,233636.12,383.64
2025-11-08,628,615,253520.00,403.69
2025-11-09,571,557,221726.37,388.31
2025-11-10,588,570,225925.67,384.23
2025-11-11,585,568,235812.03,403.10
2025-11-12,567,560,244772.10,431.70
2025-11-13,571,558,237992.12,416.80
2025-11-14,591,576,229707.49,388.68
2025-11-15,557,543,224897.03,403.76
2025-11-16,575,564,208351.75,362.35
2025-11-17,562,552,219104.32,389.87
2025-11-18,545,527,229827.35,421.70
2025-11-19,564,553,218501.32,387.41
2025-11-20,587,567,232809.66,396.61
2025-11-21,526,509,219261.88,416.85
2025-11-22,478,468,177448.45,371.23
2025-11-23,543,527,213584.15,393.34
2025-11-24,529,524,225556.96,426.38
2025-11-25,564,553,201938.35,358.05
2025-11-26,522,510,205491.09,393.66
2025-11-27,490,482,182761.32,372.98
2025-11-28,516,504,212078.39,411.00
2025-11-29,469,458,191537.10,408.39
2025-11-30,495,479,180088.35,363.81
2025-12-01,500,478,198660.49,397.32
2025-12-02,498,487,195919.81,393.41
2025-12-03,484,472,193135.05,399.04
2025-12-04,497,489,203880.13,410.22
2025-12-05,501,489,206097.00,411.37
2025-12-06,477,463,187528.65,393.14
2025-12-07,408,396,147383.86,361.23
2025-12-08,454,446,192123.38,423.18
2025-12-09,477,470,192140.70,402.81
2025-12-10,457,445,172350.15,377.13
2025-12-11,460,452,174825.45,380.06
2025-12-12,420,415,177856.26,423.47
2025-12-13,430,417,174861.85,406.66
2025-12-14,407,400,151757.42,372.87
2025-12-15,433,430,179860.30,415.38
2025-12-16,352,346,138998.43,394.88
2025-12-17,406,401,157948.99,389.04
2025-12-18,374,373,157970.85,422.38
2025-12-19,335,330,152320.34,454.69
2025-12-20,335,331,123406.09,368.38
2025-12-21,325,320,121290.21,373.20
2025-12-22,359,354,138097.95,384.67
2025-12-23,333,324,129980.40,390.33
2025-12-24,327,324,148209.61,453.24
2025-12-25,292,289,104780.55,358.84
2025-12-26,271,264,111820.17,412.62
2025-12-27,294,286,113810.99,387.11
2025-12-28,245,243,83220.91,339.68
2025-12-29,216,214,96369.88,446.16
2025-12-30,175,171,54308.13,310.33
2025-12-31,128,128,50995.08,398.40
