product_id,category,buyers,units,revenue,category_rank
146,Electronics,143,176,364060.94,1
52,Electronics,118,139,263504.55,2
1054,Electronics,132,154,250804.67,3
1066,Electronics,147,174,241050.84,4
612,Electronics,145,162,227585.77,5
85,Electronics,124,145,222174.63,6
490,Electronics,124,146,210980.64,7
2,Electronics,137,172,209361.77,8
704,Electronics,131,150,207346.97,9
922,Electronics,149,173,207339.16,10
1455,Electronics,144,159,204009.30,11
943,Electronics,151,174,201440.65,12
456,Electronics,132,156,199977.90,13
1461,Electronics,121,140,198862.56,14
45,Electronics,137,166,198421.52,15
461,Electronics,129,153,196769.07,16
575,Electronics,122,153,194567.43,17
661,Electronics,127,155,194140.33,18
665,Electronics,122,144,192852.26,19
1063,Electronics,122,144,192422.90,20
346,Electronics,135,152,191097.53,21
638,Electronics,125,149,190732.42,22
32,Electronics,124,144,183530.23,23
1252,Electronics,136,157,175621.02,24
1014,Electronics,148,189,171116.58,25
407,Electronics,137,164,164050.01,26
611,Electronics,127,150,163473.90,27
1339,Electronics,129,154,162370.74,28
293,Electronics,130,155,156593.94,29
361,Electronics,111,136,156311.13,30
207,Electronics,115,135,155226.44,31
1033,Electronics,123,151,153458.91,32
503,Electronics,141,171,152252.56,33
327,Electronics,125,149,151965.24,34
780,Electronics,115,137,150540.11,35
533,Electronics,118,143,149009.12,36
254,Electronics,111,128,140663.99,37
1347,Electronics,126,151,140649.66,38
82,Electronics,130,160,139227.35,39
686,Electronics,138,161,137944.01,40
602,Electronics,122,146,137142.03,41
1258,Electronics,131,158,136908.58,42
285,Electronics,133,156,134721.69,43
241,Electronics,145,171,130936.03,44
609,Electronics,126,151,129697.70,45
698,Electronics,127,151,129663.06,46
630,Electronics,127,147,127652.45,47
1390,Electronics,132,159,126800.41,48
113,Electronics,115,150,123719.58,49
16,Electronics,131,153,123453.10,50
623,Electronics,116,138,119829.34,51
41,Electronics,114,132,119418.44,52
728,Electronics,120,147,119187.43,53
781,Electronics,139,163,118565.71,54
1498,Electronics,112,135,118479.25,55
365,Electronics,128,148,117849.28,56
671,Electronics,142,163,116556.15,57
856,Electronics,121,147,116089.48,58
648,Home,132,161,116063.33,1
836,Electronics,141,168,115899.40,59
1496,Home,147,174,115170.31,2
1061,Electronics,125,144,115145.59,60
321,Electronics,126,155,114596.61,61
306,Electronics,122,145,114023.78,62
1345,Electronics,121,153,113181.11,63
235,Electronics,122,138,112935.54,64
65,Electronics,141,169,112674.07,65
907,Electronics,158,176,111148.81,66
848,Electronics,129,161,107607.85,67
311,Electronics,120,146,106779.61,68
835,Electronics,131,156,106732.44,69
707,Electronics,134,155,106498.52,70
202,Electronics,118,135,106429.04,71
1076,Electronics,110,130,104874.53,72
15,Electronics,123,143,104572.78,73
944,Electronics,133,157,104540.96,74
1141,Electronics,127,154,102909.44,75
66,Electronics,143,183,102609.52,76
197,Electronics,114,138,101550.49,77
986,Electronics,112,134,101055.81,78
939,Electronics,115,140,100707.59,79
182,Electronics,126,148,100272.31,80
1104,Electronics,118,136,99135.81,81
1047,Electronics,134,161,98647.70,82
804,Electronics,107,121,98524.56,83
693,Electronics,122,138,98010.34,84
1241,Electronics,117,138,97868.58,85
1172,Sports,128,139,97029.62,1
659,Electronics,128,155,96968.24,86
1377,Electronics,113,134,95078.59,87
21,Electronics,113,124,95013.07,88
415,Electronics,130,156,94375.15,89
553,Electronics,134,160,94063.40,90
1043,Electronics,114,131,93119.02,91
489,Electronics,150,183,92503.52,92
87,Electronics,144,181,92343.98,93
472,Electronics,128,157,92119.41,94
633,Electronics,124,148,91904.78,95
668,Electronics,136,159,91660.57,96
1056,Sports,133,150,90097.55,2
516,Electronics,132,156,89540.98,97
1357,Electronics,132,163,89400.69,98
526,Electronics,144,177,89388.88,99
242,Electronics,114,127,88634.69,100
909,Electronics,137,160,88345.65,101
1035,Electronics,136,158,88336.15,102
1485,Electronics,113,131,88310.75,103
474,Electronics,119,134,87918.65,104
1107,Electronics,147,166,86557.43,105
383,Home,142,171,86454.06,3
1491,Sports,145,165,86275.80,3
366,Electronics,133,149,86099.43,106
340,Sports,125,162,85973.99,4
313,Electronics,128,149,84948.96,107
1483,Electronics,127,154,84168.85,108
1480,Home,112,134,83782.18,4
376,Electronics,121,152,83358.58,109
175,Sports,128,160,83051.51,5
500,Beauty,139,162,82483.10,1
168,Electronics,119,133,81743.67,110
992,Home,126,157,81620.84,5
520,Electronics,111,134,80923.77,111
1019,Fashion,105,130,80653.59,1
80,Electronics,130,153,79770.41,112
84,Electronics,123,154,79689.94,113
649,Electronics,114,136,78654.74,114
454,Electronics,121,141,78556.34,115
959,Home,126,152,78520.51,6
169,Home,129,158,78358.21,7
927,Electronics,111,123,77040.27,116
1124,Beauty,133,152,76366.99,2
1217,Sports,124,143,74870.82,6
1234,Electronics,123,141,74718.04,117
1002,Electronics,136,162,74417.76,118
549,Electronics,131,157,74179.09,119
883,Electronics,127,153,73904.64,120
47,Electronics,131,152,73553.88,121
1399,Electronics,126,152,72982.78,122
660,Home,124,148,72775.91,8
784,Electronics,118,147,72143.63,123
1073,Electronics,141,167,71664.30,124
195,Electronics,122,143,71028.33,125
398,Beauty,135,164,70156.42,3
337,Home,126,159,69766.71,9
1082,Electronics,102,116,69739.04,126
867,Beauty,140,168,69694.36,4
578,Electronics,126,145,69664.52,127
220,Home,115,140,69598.59,10
746,Electronics,134,164,69579.93,128
572,Electronics,122,146,69530.21,129
1166,Electronics,126,154,69453.64,130
353,Home,131,150,69074.01,11
1192,Electronics,122,147,68980.83,131
110,Home,157,190,68485.88,12
1139,Electronics,134,167,68475.47,132
809,Electronics,121,137,68015.01,133
81,Electronics,109,133,67704.38,134
983,Sports,130,157,67563.33,7
810,Home,122,142,67329.16,13
1205,Electronics,128,147,66747.14,135
1128,Electronics,100,123,66643.48,136
1117,Beauty,163,190,66516.04,5
1078,Electronics,145,164,66178.50,137
948,Electronics,115,133,66106.34,138
1041,Electronics,112,129,65532.26,139
372,Electronics,129,151,65384.37,140
106,Electronics,117,146,64714.55,141
374,Electronics,111,133,64206.75,142
1289,Electronics,128,149,64032.36,143
1387,Electronics,122,151,63907.88,144
1108,Home,110,127,63512.61,14
1450,Sports,153,182,63471.82,8
176,Home,133,168,63207.15,15
1260,Electronics,118,143,63005.30,145
1314,Sports,125,143,62885.81,9
1077,Home,133,152,62507.88,16
60,Sports,137,162,62317.68,10
568,Electronics,115,142,62199.49,146
297,Home,131,154,62160.37,17
537,Home,152,187,62058.59,18
451,Electronics,120,141,62017.21,147
1213,Home,127,145,61925.20,19
1115,Home,116,135,61843.87,20
1467,Electronics,114,134,61300.43,148
1264,Electronics,105,133,61194.18,149
729,Electronics,126,156,60835.84,150
544,Home,141,171,60326.23,21
150,Electronics,126,152,59971.14,151
1016,Electronics,100,123,59930.20,152
326,Home,130,166,59544.63,22
218,Sports,121,140,59358.80,11
79,Home,139,172,59296.74,23
752,Home,126,150,58383.56,24
1231,Sports,93,114,57832.52,12
637,Electronics,114,139,57770.80,153
685,Home,118,137,57683.55,25
272,Electronics,113,133,57663.08,154
178,Electronics,115,137,57569.98,155
1135,Home,152,174,57341.13,26
397,Home,130,154,56959.90,27
1256,Fashion,126,152,56800.85,2
898,Home,144,161,56780.16,28
1229,Home,118,144,56723.89,29
955,Electronics,99,115,56720.93,156
1215,Sports,111,135,56354.92,13
646,Electronics,125,149,56097.89,157
1430,Sports,136,169,56022.65,14
678,Electronics,108,129,55877.32,158
156,Electronics,117,134,55831.87,159
1417,Electronics,111,135,55818.17,160
483,Fashion,124,149,55741.21,3
1465,Electronics,126,157,55489.81,161
423,Sports,138,165,54908.41,15
777,Home,124,151,54823.64,30
565,Electronics,124,146,54792.55,162
419,Home,127,155,54627.61,31
116,Home,125,145,54277.12,32
412,Sports,129,153,54132.98,16
153,Electronics,132,159,53992.24,163
248,Electronics,124,146,53935.49,164
591,Electronics,119,138,53898.61,165
1451,Electronics,137,168,53647.02,166
291,Electronics,112,138,53422.28,167
275,Beauty,130,151,53318.30,6
287,Sports,140,155,52686.37,17
1148,Electronics,122,139,52620.15,168
974,Electronics,128,161,52337.27,169
818,Electronics,117,139,52283.67,170
1329,Electronics,108,121,51990.96,171
981,Electronics,123,150,51985.13,172
989,Home,138,170,51851.16,33
329,Electronics,131,167,51843.90,173
1290,Electronics,109,126,51750.66,174
102,Electronics,115,126,51248.41,175
894,Electronics,122,149,50787.06,176
827,Home,133,153,50777.00,34
627,Electronics,138,163,50749.53,177
860,Sports,139,161,50631.26,18
891,Home,125,148,50563.11,35
151,Home,117,142,50398.59,36
279,Electronics,117,136,50287.32,178
157,Home,125,146,50059.83,37
128,Electronics,122,147,50001.95,179
401,Electronics,132,152,49894.25,180
436,Electronics,123,137,49530.56,181
131,Sports,116,134,49509.42,19
147,Electronics,134,162,49185.22,182
387,Home,129,159,48959.27,38
773,Home,119,146,48850.10,39
213,Fashion,119,141,48499.79,4
1248,Sports,143,158,48294.13,20
1102,Home,136,160,48126.03,40
1151,Electronics,119,147,48075.68,183
929,Sports,139,168,48064.91,21
1389,Electronics,110,126,47760.86,184
663,Sports,138,167,47400.05,22
277,Fashion,128,155,47226.86,5
517,Electronics,132,157,47224.19,185
636,Electronics,136,169,47106.17,186
940,Fashion,128,150,46998.11,6
1179,Electronics,139,163,46874.28,187
976,Electronics,115,139,46603.08,188
1348,Beauty,151,179,46550.69,7
317,Home,104,119,46331.91,41
58,Electronics,115,131,46294.44,189
491,Electronics,128,159,46261.57,190
616,Fashion,135,154,45449.64,7
201,Sports,117,141,45365.05,23
901,Sports,134,154,45266.51,24
259,Home,106,129,45146.46,42
528,Beauty,127,146,45144.83,8
1042,Fashion,113,139,45070.53,8
115,Electronics,120,144,45059.70,191
764,Electronics,121,151,45031.62,192
580,Home,118,134,44557.32,43
29,Electronics,122,149,44414.74,193
180,Sports,120,148,44346.46,25
1401,Sports,124,159,44342.77,26
1434,Sports,124,151,44326.67,27
369,Sports,120,142,44189.10,28
1153,Electronics,108,126,44057.12,194
696,Electronics,130,149,44030.38,195
960,Electronics,126,153,43925.71,196
893,Electronics,109,132,43660.86,197
587,Sports,119,139,43583.39,29
1069,Sports,109,125,43171.67,30
1415,Sports,141,161,42932.62,31
930,Electronics,129,160,42773.01,198
625,Sports,135,158,42632.38,32
799,Home,130,158,42615.37,44
238,Electronics,127,153,42516.23,199
1218,Home,113,137,42450.95,45
904,Electronics,119,141,42450.25,200
998,Sports,129,152,42289.30,33
23,Sports,123,138,42131.54,34
1419,Home,148,186,42125.09,46
647,Home,122,149,42063.19,47
791,Sports,140,162,42056.89,35
621,Fashion,141,168,42015.16,9
1266,Home,132,147,41933.17,48
1079,Home,105,126,41656.73,49
100,Sports,121,140,41477.75,36
1484,Sports,107,122,41442.55,37
1331,Home,130,151,41261.71,50
979,Electronics,124,154,41241.03,201
1325,Home,111,134,41122.44,51
1083,Home,128,157,41087.74,52
1233,Home,113,141,41047.28,53
816,Beauty,133,155,41030.93,9
564,Home,120,142,41010.94,54
89,Fashion,135,154,40942.03,10
1239,Home,128,153,40906.60,55
531,Home,131,154,40885.81,56
295,Electronics,127,145,40658.33,202
240,Electronics,128,155,40591.79,203
214,Home,112,132,40540.92,57
62,Home,130,150,40499.18,58
1230,Home,124,146,40477.88,59
527,Home,114,138,40473.53,60
1080,Sports,147,186,40391.30,38
6,Home,133,149,40276.79,61
1267,Fashion,124,140,40253.64,11
1378,Home,119,146,40237.08,62
844,Home,120,145,40198.10,63
975,Sports,128,154,40075.82,39
1326,Electronics,111,131,39933.89,204
884,Electronics,132,161,39873.71,205
225,Fashion,146,183,39771.73,12
1464,Home,131,166,39576.22,64
713,Electronics,110,140,39477.93,206
1008,Home,135,156,39415.09,65
1212,Home,134,159,39215.68,66
886,Sports,137,166,39066.88,40
1017,Sports,128,156,38968.10,41
1372,Home,131,154,38789.35,67
654,Home,125,157,38440.45,68
1015,Home,134,159,38375.13,69
571,Home,130,149,38371.52,70
1332,Electronics,131,156,38331.89,207
378,Electronics,148,168,38275.28,208
1075,Electronics,121,142,38105.01,209
597,Fashion,116,136,37968.40,13
577,Sports,113,136,37834.45,42
133,Home,122,151,37756.63,71
389,Electronics,116,130,37674.55,210
1439,Beauty,119,148,37593.39,10
1189,Beauty,131,151,37584.35,11
750,Sports,117,140,37474.75,43
680,Home,135,152,37329.93,72
1427,Electronics,133,157,37260.02,211
1406,Electronics,112,132,37259.04,212
331,Fashion,111,133,37239.59,14
256,Electronics,117,133,37140.75,213
59,Home,144,173,37047.65,73
545,Home,121,150,36951.91,74
420,Fashion,116,132,36876.42,15
98,Electronics,127,154,36865.34,214
632,Home,133,159,36784.69,75
1101,Fashion,112,138,36682.33,16
167,Sports,120,141,36525.88,44
251,Home,129,160,36378.60,76
1223,Home,115,140,36311.03,77
912,Electronics,116,144,36199.47,215
231,Fashion,137,159,36168.34,17
332,Electronics,106,121,36120.19,216
120,Fashion,120,153,36092.38,18
141,Fashion,138,155,36083.31,19
305,Fashion,132,161,36082.83,20
465,Home,129,164,35972.20,78
428,Home,130,144,35922.71,79
300,Sports,137,167,35860.35,45
1334,Home,134,149,35801.34,80
1051,Fashion,114,140,35799.72,21
70,Home,119,148,35723.23,81
794,Fashion,111,134,35657.99,22
170,Sports,115,141,35598.53,46
266,Home,129,155,35541.29,82
1074,Home,128,147,35391.32,83
958,Sports,147,174,35342.88,47
683,Home,109,129,35302.00,84
594,Home,130,155,35248.50,85
464,Fashion,124,132,35111.90,23
165,Sports,104,130,34994.65,48
790,Home,143,162,34994.11,86
1182,Home,134,158,34887.80,87
424,Home,129,151,34840.09,88
1453,Beauty,133,162,34784.03,12
919,Fashion,131,151,34663.10,24
1263,Sports,102,120,34569.68,49
701,Sports,143,170,34509.80,50
1474,Home,119,147,34472.37,89
67,Beauty,113,139,34456.38,13
523,Sports,147,179,34449.48,51
745,Home,129,150,34425.05,90
219,Home,119,145,34395.80,91
290,Fashion,131,147,34188.32,25
1259,Electronics,131,155,34184.22,217
903,Electronics,152,189,34062.13,218
739,Home,120,139,34044.92,92
789,Home,135,160,33918.10,93
308,Home,135,168,33782.36,94
730,Home,133,149,33747.56,95
30,Home,127,152,33696.00,96
803,Beauty,120,143,33685.12,14
508,Sports,134,153,33373.06,52
149,Fashion,122,145,33192.66,26
740,Home,117,133,33156.48,97
1250,Home,123,148,33130.81,98
972,Electronics,117,139,33004.47,219
430,Electronics,123,140,32969.62,220
692,Fashion,137,151,32967.41,27
562,Home,124,144,32802.28,99
1298,Fashion,125,159,32625.98,28
390,Fashion,145,169,32565.01,29
384,Home,112,134,32164.63,100
1351,Fashion,149,187,32036.61,30
521,Fashion,132,154,31967.83,31
1269,Home,126,157,31888.57,101
1031,Electronics,98,114,31879.41,221
519,Sports,118,144,31861.76,53
11,Home,122,147,31758.47,102
658,Sports,128,154,31750.43,54
1065,Electronics,133,151,31606.61,222
841,Sports,133,151,31587.02,55
324,Sports,109,129,31548.63,56
497,Beauty,135,160,31542.68,15
1022,Home,131,160,31486.34,103
892,Electronics,139,160,31383.76,223
691,Home,124,148,31349.21,104
111,Beauty,118,146,31290.42,16
1163,Sports,139,160,31254.91,57
1299,Home,133,155,31251.02,105
496,Electronics,112,126,31186.19,224
618,Home,116,145,30975.36,106
1034,Beauty,153,187,30940.12,17
1225,Electronics,126,153,30904.48,225
1118,Fashion,131,161,30894.22,32
1366,Home,138,160,30736.99,107
538,Electronics,112,131,30696.59,226
645,Fashion,140,162,30688.59,33
945,Home,131,151,30684.51,108
815,Sports,125,143,30650.47,58
1477,Sports,127,146,30600.09,59
1447,Home,129,150,30587.74,109
1168,Home,120,137,30516.12,110
1392,Home,128,147,30503.09,111
315,Home,125,148,30344.26,112
1413,Sports,106,124,30328.73,60
1204,Sports,111,125,30244.32,61
552,Home,153,182,30145.78,113
1190,Home,140,166,30115.90,114
152,Sports,141,173,30100.50,62
486,Books,118,133,30043.06,1
829,Fashion,132,163,30008.01,34
1209,Electronics,133,159,29992.88,227
1304,Fashion,118,138,29973.46,35
710,Electronics,117,143,29895.96,228
191,Home,122,138,29875.92,115
302,Sports,125,141,29850.94,63
1340,Home,142,169,29821.76,116
1211,Home,129,161,29811.78,117
1021,Beauty,140,165,29794.02,18
1140,Beauty,116,143,29766.95,19
1273,Sports,116,148,29763.66,64
783,Sports,121,141,29739.67,65
1482,Beauty,130,148,29718.79,20
1423,Home,124,140,29698.62,118
301,Sports,128,147,29694.88,66
446,Sports,120,148,29624.14,67
1488,Home,120,146,29614.97,119
952,Home,116,132,29599.70,120
1368,Electronics,117,139,29553.25,229
1404,Fashion,147,169,29463.49,36
36,Home,132,160,29458.30,121
1157,Food,147,162,29345.38,1
1137,Home,132,156,29295.30,122
1003,Fashion,151,173,29220.53,37
37,Fashion,126,158,29120.05,38
650,Home,115,145,29118.09,123
1125,Beauty,126,147,29071.69,21
1085,Fashion,147,168,29048.32,39
837,Sports,117,135,29038.70,68
232,Food,138,165,28900.15,2
1093,Home,134,157,28850.07,124
1244,Sports,117,136,28778.41,69
1208,Home,137,155,28670.34,125
1317,Home,140,172,28618.00,126
718,Sports,133,162,28539.02,70
1100,Sports,130,154,28514.00,71
1222,Sports,131,158,28495.35,72
595,Fashion,140,162,28468.35,40
965,Home,129,147,28322.57,127
515,Sports,121,147,28225.58,73
186,Fashion,102,121,28068.39,41
1127,Home,138,166,28047.81,128
1371,Sports,126,149,27984.88,74
716,Home,118,133,27981.76,129
280,Sports,112,135,27919.65,75
1068,Fashion,139,184,27894.43,42
441,Food,162,186,27867.55,3
779,Home,135,160,27851.40,130
1265,Fashion,133,158,27623.10,43
64,Electronics,123,149,27620.61,230
969,Fashion,126,156,27607.04,44
1012,Sports,100,114,27596.67,76
924,Fashion,116,131,27591.81,45
1245,Home,131,162,27587.47,131
1155,Fashion,108,132,27571.23,46
1375,Home,123,145,27557.03,132
1262,Home,136,150,27504.15,133
849,Beauty,152,178,27471.73,22
596,Home,110,129,27417.75,134
381,Sports,136,166,27401.13,77
679,Beauty,143,165,27384.15,23
12,Fashion,138,168,27377.18,47
425,Sports,123,149,27372.28,78
78,Sports,130,151,27340.08,79
344,Fashion,122,140,27287.88,48
734,Home,139,172,27241.39,135
902,Sports,126,141,27142.69,80
887,Sports,118,145,27125.26,81
524,Electronics,146,164,27107.15,231
1177,Food,127,140,27092.46,4
1285,Home,140,167,27056.48,136
1197,Home,123,145,27003.84,137
17,Fashion,146,162,26942.37,49
140,Beauty,136,164,26793.18,24
1226,Fashion,133,169,26771.31,50
1388,Sports,132,159,26765.46,82
86,Home,134,151,26719.09,138
548,Home,118,139,26711.12,139
1470,Home,121,147,26595.88,140
581,Home,132,157,26542.22,141
709,Home,119,142,26532.22,142
1308,Books,124,154,26365.50,2
206,Sports,145,168,26333.99,83
307,Beauty,154,178,26237.94,25
1454,Home,119,134,26229.91,143
1475,Fashion,129,172,26153.34,51
1194,Beauty,121,140,26132.84,26
338,Sports,122,141,26072.69,84
853,Home,130,147,26023.49,144
1025,Home,131,157,25966.36,145
154,Sports,136,158,25963.65,85
114,Beauty,110,131,25854.63,27
1112,Sports,133,168,25799.03,86
1216,Home,122,141,25747.08,146
735,Home,125,144,25694.23,147
1098,Home,137,161,25693.75,148
504,Fashion,124,145,25594.37,52
755,Home,114,132,25577.52,149
1442,Fashion,131,158,25574.18,53
1386,Electronics,126,140,25531.49,232
1407,Home,129,153,25500.77,150
107,Home,133,154,25461.85,151
826,Home,127,146,25461.03,152
823,Sports,123,157,25415.32,87
27,Electronics,120,142,25398.85,233
148,Fashion,111,122,25348.82,54
44,Fashion,140,166,25301.92,55
795,Home,136,157,25293.82,153
1091,Fashion,115,135,25284.51,56
375,Sports,139,158,25201.60,88
1416,Sports,143,179,25148.99,89
215,Beauty,127,153,25059.77,28
1123,Sports,124,150,25018.18,90
1183,Home,140,165,24991.55,154
24,Sports,127,148,24972.09,91
675,Books,145,165,24964.19,3
196,Sports,115,137,24939.37,92
925,Sports,132,156,24871.34,93
1009,Home,112,143,24864.42,155
145,Sports,124,142,24816.66,94
190,Food,136,166,24785.87,5
354,Beauty,127,144,24763.46,29
550,Electronics,103,121,24735.38,234
814,Fashion,126,147,24711.32,57
1463,Sports,134,166,24624.84,95
294,Beauty,141,175,24582.16,30
475,Sports,146,168,24581.20,96
861,Home,125,150,24566.80,156
1036,Home,134,159,24544.95,157
155,Fashion,132,157,24425.01,58
1492,Beauty,119,142,24383.79,31
377,Sports,125,142,24332.16,97
1193,Fashion,127,153,24269.66,59
188,Food,143,166,24197.24,6
1466,Home,125,151,24183.71,158
712,Sports,134,162,24170.93,98
342,Beauty,120,144,24086.88,32
1274,Fashion,138,164,24019.42,60
226,Beauty,148,175,24003.99,33
1199,Books,97,118,23997.29,4
1224,Sports,113,139,23759.55,99
873,Fashion,122,143,23750.70,61
641,Home,123,139,23692.22,159
967,Electronics,116,135,23651.49,235
926,Home,125,153,23583.38,160
657,Sports,131,156,23506.85,100
934,Home,131,160,23482.43,161
312,Home,134,154,23473.83,162
245,Home,122,141,23465.34,163
1358,Sports,128,158,23398.47,101
928,Beauty,135,160,23267.49,34
1236,Beauty,127,153,23224.65,35
253,Sports,120,145,23164.59,102
77,Sports,132,161,23155.32,103
590,Home,111,132,23101.21,164
328,Electronics,121,145,22981.59,236
1178,Sports,133,159,22948.05,104
199,Sports,134,166,22881.08,105
812,Home,107,126,22871.82,165
38,Home,136,163,22853.46,166
1007,Beauty,132,158,22823.32,36
252,Beauty,108,123,22732.68,37
1473,Fashion,124,147,22729.98,62
775,Fashion,123,151,22726.13,63
763,Home,120,144,22713.25,167
670,Sports,126,150,22610.19,106
255,Home,133,156,22550.89,168
1121,Sports,119,135,22537.42,107
160,Fashion,119,149,22498.01,64
785,Sports,126,148,22476.58,108
51,Sports,140,169,22474.88,109
95,Home,116,132,22372.30,169
822,Home,109,127,22363.07,170
1287,Beauty,136,163,22352.90,38
459,Home,119,136,22344.71,171
380,Home,134,166,22342.32,172
1028,Sports,132,160,22326.08,110
770,Home,109,123,22314.84,173
1195,Home,135,162,22279.85,174
309,Home,105,120,22214.85,175
807,Sports,123,142,22206.22,111
396,Fashion,133,158,22153.70,65
467,Beauty,129,152,22069.49,39
1353,Home,131,166,22066.50,176
257,Books,127,149,21951.86,5
1494,Beauty,129,160,21926.77,40
994,Sports,120,140,21906.31,112
1309,Sports,132,156,21797.38,113
284,Home,104,117,21744.86,177
20,Books,139,166,21728.37,6
426,Sports,130,147,21720.88,114
769,Fashion,115,134,21675.95,66
43,Home,118,149,21656.42,178
830,Fashion,131,159,21650.02,67
506,Home,147,173,21612.53,179
1352,Sports,130,152,21608.41,115
556,Beauty,126,149,21601.87,41
1038,Beauty,130,152,21560.24,42
400,Beauty,94,112,21555.53,43
1142,Sports,123,145,21533.16,116
185,Home,125,147,21473.27,180
303,Fashion,127,143,21427.72,68
573,Fashion,131,158,21423.49,69
592,Home,149,178,21400.24,181
966,Home,117,137,21375.43,182
833,Home,110,132,21352.26,183
832,Home,124,145,21333.94,184
1206,Sports,99,113,21311.36,117
813,Fashion,129,155,21264.56,70
1246,Beauty,115,139,21264.53,44
1086,Fashion,122,143,21203.98,71
1493,Books,134,165,21172.03,7
57,Fashion,128,153,21125.99,72
282,Beauty,146,174,21121.33,45
3,Home,119,138,21074.88,185
1335,Home,134,165,21071.88,186
1207,Home,117,134,21051.72,187
8,Home,117,138,20914.00,188
800,Home,112,129,20900.16,189
1071,Beauty,127,148,20876.50,46
1400,Food,136,164,20874.41,7
899,Home,111,130,20832.53,190
118,Fashion,126,148,20772.73,73
644,Beauty,123,151,20729.14,47
673,Sports,139,163,20724.25,118
1159,Food,124,152,20705.95,8
304,Sports,112,134,20685.91,119
982,Sports,126,145,20667.48,120
1370,Sports,133,155,20650.12,121
388,Fashion,137,163,20613.34,74
179,Fashion,140,168,20489.41,75
530,Beauty,121,146,20453.34,48
1162,Fashion,119,144,20449.98,76
639,Beauty,112,132,20378.75,49
1333,Sports,130,159,20363.26,122
121,Home,114,133,20356.43,191
858,Home,138,155,20355.76,192
839,Fashion,133,148,20350.35,77
1391,Home,133,161,20287.46,193
776,Fashion,142,178,20283.77,78
879,Home,110,129,20205.03,194
964,Fashion,150,174,20176.54,79
26,Home,111,128,20119.28,195
274,Beauty,125,154,20108.79,50
1365,Home,125,148,20077.94,196
1114,Home,103,124,20056.05,197
551,Sports,120,138,20054.94,123
543,Sports,134,169,20044.93,124
1037,Beauty,150,181,20016.62,51
792,Sports,106,122,19945.64,125
1122,Fashion,134,161,19888.69,80
122,Sports,145,178,19867.27,126
852,Home,120,154,19845.45,198
142,Sports,123,145,19825.15,127
319,Sports,107,127,19688.11,128
997,Fashion,136,166,19667.81,81
1327,Fashion,131,158,19648.34,82
250,Sports,132,164,19628.92,129
438,Home,132,156,19614.18,199
532,Home,116,132,19563.29,200
90,Fashion,146,168,19560.23,83
1088,Books,146,177,19479.16,8
1024,Home,137,164,19449.06,201
314,Beauty,122,149,19401.71,52
404,Home,142,161,19288.69,202
563,Fashion,126,147,19281.16,84
1396,Home,128,155,19273.03,203
599,Home,126,144,19222.56,204
662,Sports,113,135,19159.38,130
1150,Beauty,118,142,19132.69,53
460,Home,121,139,19107.87,205
1448,Fashion,118,132,19092.95,85
913,Food,145,180,19090.47,9
703,Fashion,106,129,19085.61,86
666,Sports,133,164,19022.93,131
1369,Beauty,107,120,18999.31,54
1318,Fashion,135,160,18947.97,87
193,Fashion,126,151,18939.57,88
697,Fashion,120,147,18900.35,89
1146,Sports,101,117,18866.67,132
880,Fashion,143,174,18866.56,90
1449,Home,131,155,18814.66,206
1343,Fashion,120,141,18797.07,91
727,Beauty,134,159,18793.69,55
1302,Home,105,121,18792.67,207
1437,Beauty,133,162,18787.10,56
509,Home,129,156,18778.39,208
1277,Fashion,129,151,18762.27,92
1191,Home,134,156,18635.61,209
416,Fashion,144,164,18555.01,93
351,Sports,124,145,18520.30,133
341,Fashion,112,145,18489.75,94
687,Beauty,132,149,18445.41,57
1026,Home,129,152,18370.67,210
40,Home,107,128,18328.63,211
865,Sports,132,150,18298.78,134
1176,Sports,131,152,18267.66,135
876,Fashion,131,150,18253.43,95
711,Fashion,124,150,18212.29,96
900,Books,121,150,18201.50,9
431,Sports,117,139,18199.37,136
917,Fashion,124,145,18182.76,97
488,Home,139,157,18165.66,212
243,Beauty,139,157,18152.62,58
440,Home,127,150,18127.96,213
1084,Sports,139,152,18116.99,137
445,Food,126,149,18102.83,10
1428,Fashion,112,137,18091.88,98
144,Sports,139,158,18076.91,138
1133,Beauty,107,133,18073.53,59
35,Fashion,134,160,18041.41,99
1362,Beauty,108,135,18018.99,60
851,Fashion,128,149,17973.40,100
854,Fashion,150,176,17890.02,101
796,Fashion,123,148,17857.93,102
1384,Home,116,134,17825.57,214
1052,Fashion,117,139,17795.82,103
174,Beauty,124,149,17785.01,61
370,Home,106,128,17774.27,215
1316,Sports,137,159,17714.55,139
1039,Sports,123,143,17658.39,140
1460,Beauty,116,136,17653.93,62
323,Home,118,135,17652.42,216
911,Beauty,133,154,17651.58,63
192,Food,121,142,17621.86,11
684,Books,134,159,17612.10,10
722,Home,118,146,17586.57,217
1221,Home,133,156,17511.02,218
956,Food,141,168,17486.95,12
244,Home,134,151,17465.54,219
1381,Fashion,143,174,17448.28,104
1395,Fashion,103,124,17419.23,105
22,Home,130,150,17417.12,220
766,Sports,119,144,17359.83,141
10,Beauty,111,133,17352.58,64
869,Sports,137,158,17314.50,142
7,Sports,130,155,17283.27,143
411,Sports,131,162,17275.29,144
1143,Sports,109,134,17215.80,145
221,Home,142,169,17167.83,221
5,Sports,128,153,17149.03,146
723,Sports,117,136,17137.01,147
1452,Sports,117,134,17127.65,148
1296,Sports,131,151,17065.71,149
139,Fashion,133,160,17060.10,106
443,Home,126,159,17039.08,222
471,Home,129,154,17007.63,223
159,Sports,126,151,16989.51,150
1030,Fashion,134,160,16988.53,107
857,Food,143,169,16959.26,13
130,Home,110,132,16934.10,224
534,Fashion,111,131,16894.50,108
738,Food,119,145,16864.78,14
1310,Food,121,148,16841.57,15
1089,Home,144,160,16838.05,225
265,Fashion,124,143,16826.17,109
270,Fashion,125,150,16764.47,110
1443,Fashion,131,151,16761.49,111
1380,Sports,113,127,16736.82,151
1441,Sports,121,142,16718.40,152
1312,Fashion,122,144,16712.35,112
690,Home,122,136,16643.34,226
990,Fashion,102,123,16642.04,113
129,Sports,126,146,16601.62,153
264,Fashion,126,152,16590.14,114
1116,Fashion,126,154,16579.82,115
363,Home,125,148,16528.34,227
759,Fashion,122,152,16523.62,116
726,Books,143,169,16507.00,11
941,Books,120,142,16500.20,12
910,Beauty,143,175,16499.87,65
715,Home,136,156,16492.05,228
1092,Sports,109,122,16470.51,154
1164,Food,121,145,16466.09,16
1227,Beauty,114,137,16431.35,66
895,Food,134,159,16410.68,17
1200,Beauty,125,151,16401.68,67
267,Home,131,164,16386.92,229
1096,Fashion,125,157,16344.14,117
473,Home,121,141,16314.64,230
1196,Food,148,188,16307.93,18
721,Books,116,134,16293.62,13
906,Beauty,126,151,16292.52,68
1313,Sports,131,158,16254.72,155
778,Home,118,147,16250.98,231
1486,Sports,122,137,16234.23,156
1106,Fashion,138,159,16212.44,118
181,Home,109,140,16210.39,232
933,Beauty,124,141,16159.70,69
1214,Sports,125,144,16117.24,157
962,Food,129,152,16097.10,19
842,Food,128,150,16097.03,20
173,Fashion,136,155,16086.49,119
1220,Fashion,140,168,16077.33,120
1005,Beauty,124,141,16068.78,70
1414,Beauty,125,148,15992.62,71
1408,Beauty,136,168,15991.50,72
1307,Sports,148,182,15986.41,158
345,Sports,110,131,15985.79,159
42,Fashion,124,143,15898.58,121
132,Sports,91,104,15889.46,160
957,Home,124,146,15880.57,233
1202,Home,118,141,15872.85,234
954,Fashion,127,150,15857.78,122
1149,Sports,121,147,15856.32,161
409,Fashion,117,142,15854.04,123
96,Food,129,142,15843.15,21
339,Home,103,132,15842.32,235
1064,Fashion,112,124,15818.59,124
1421,Sports,112,127,15757.66,162
262,Books,124,145,15714.82,14
1057,Beauty,109,133,15662.62,73
296,Fashion,131,150,15649.00,125
1479,Home,116,142,15634.71,236
615,Sports,115,139,15603.56,163
651,Home,118,144,15581.98,237
1165,Beauty,121,143,15554.29,74
608,Beauty,134,152,15540.89,75
136,Home,129,147,15535.32,238
1134,Beauty,118,132,15512.16,76
260,Sports,129,144,15498.95,164
874,Home,113,132,15495.82,239
706,Beauty,163,186,15471.34,77
694,Food,114,126,15444.53,22
950,Beauty,137,162,15425.72,78
25,Beauty,120,141,15425.54,79
208,Sports,124,144,15422.85,165
126,Sports,153,190,15411.48,166
50,Sports,126,144,15371.66,167
1060,Books,129,159,15359.15,15
505,Beauty,135,175,15336.78,80
18,Food,108,132,15267.15,23
439,Sports,135,152,15207.98,168
522,Beauty,130,157,15204.71,81
393,Home,127,155,15162.70,240
555,Fashion,123,152,15156.74,126
83,Beauty,131,162,15112.04,82
988,Beauty,127,139,15102.60,83
1006,Food,111,132,15050.39,24
932,Sports,110,129,15035.08,169
753,Fashion,109,128,14920.32,127
1379,Home,107,133,14857.55,241
56,Sports,127,150,14816.51,170
1295,Fashion,126,143,14801.07,128
184,Food,119,133,14795.40,25
561,Sports,129,151,14789.97,171
834,Home,127,146,14735.02,242
761,Beauty,140,172,14689.70,84
1422,Sports,117,134,14677.40,172
227,Sports,123,145,14675.49,173
1431,Fashion,122,131,14655.69,129
1240,Beauty,115,139,14634.39,85
355,Beauty,126,141,14617.31,86
535,Home,131,163,14605.16,243
620,Sports,119,140,14581.49,174
162,Sports,114,128,14578.04,175
1174,Fashion,129,147,14489.37,130
601,Fashion,130,153,14454.90,131
1020,Beauty,129,151,14444.06,87
447,Beauty,122,141,14418.49,88
1425,Sports,120,142,14398.78,176
1363,Beauty,140,167,14380.73,89
1113,Food,129,145,14373.09,26
1067,Beauty,118,146,14358.39,90
688,Beauty,120,143,14343.30,91
1210,Books,105,129,14287.08,16
385,Beauty,111,135,14267.25,92
1336,Sports,133,160,14243.74,177
271,Fashion,144,168,14208.53,132
558,Books,125,154,14193.69,17
664,Fashion,134,172,14190.11,133
624,Sports,133,153,14037.09,178
269,Fashion,132,153,14033.45,134
1359,Home,127,153,14030.28,244
821,Fashion,144,170,14001.93,135
1167,Sports,135,159,13984.05,179
798,Beauty,134,167,13950.57,93
9,Home,119,141,13897.49,245
1283,Home,117,135,13867.70,246
970,Home,107,122,13851.70,247
230,Books,122,139,13820.54,18
582,Sports,138,162,13820.49,180
1272,Home,114,135,13801.16,248
1120,Beauty,109,125,13733.80,94
977,Fashion,135,165,13710.46,136
1181,Fashion,122,143,13701.30,137
1361,Sports,105,138,13675.99,181
1040,Books,116,135,13641.39,19
1175,Fashion,135,166,13637.95,138
1173,Sports,125,151,13620.76,182
1243,Food,146,169,13601.15,27
569,Food,133,153,13571.81,28
479,Beauty,126,143,13555.12,95
1228,Fashion,123,139,13537.53,139
765,Fashion,124,145,13530.01,140
216,Sports,115,139,13524.77,183
449,Fashion,116,137,13486.58,141
566,Beauty,119,142,13480.23,96
510,Home,120,145,13437.78,249
985,Books,134,162,13434.63,20
1186,Beauty,129,163,13427.62,97
584,Food,138,176,13421.77,29
1131,Food,123,146,13409.24,30
1046,Books,130,159,13391.19,21
161,Food,156,191,13389.25,31
408,Fashion,131,150,13359.99,142
1487,Beauty,104,127,13357.45,98
418,Fashion,102,115,13344.20,143
281,Beauty,141,177,13335.43,99
949,Sports,135,159,13328.88,184
402,Beauty,115,125,13243.99,100
246,Books,136,159,13225.40,22
1435,Home,132,152,13213.17,250
463,Books,124,145,13156.17,23
1495,Sports,124,147,13120.39,185
946,Food,149,181,13107.87,32
808,Fashion,130,155,13100.20,144
485,Beauty,138,161,13099.40,101
828,Home,142,171,13086.99,251
583,Home,121,148,13084.11,252
233,Sports,114,142,13074.03,186
484,Fashion,117,138,13043.02,145
166,Beauty,107,121,13008.43,102
1013,Fashion,126,144,12955.91,146
487,Books,111,120,12955.52,24
676,Books,106,132,12930.54,25
405,Fashion,113,134,12929.57,147
492,Sports,111,131,12880.09,187
1457,Fashion,124,147,12870.30,148
882,Home,122,138,12869.90,253
1280,Sports,116,144,12865.75,188
1010,Home,127,151,12833.60,254
905,Beauty,105,125,12804.90,103
1344,Sports,104,125,12795.61,189
921,Fashion,119,144,12780.97,149
299,Beauty,127,141,12733.90,104
1356,Beauty,133,150,12701.55,105
518,Beauty,131,148,12698.48,106
229,Beauty,110,130,12690.14,107
427,Beauty,134,163,12641.71,108
598,Home,118,146,12602.30,255
629,Home,104,126,12589.05,256
1436,Books,138,167,12581.11,26
973,Beauty,123,137,12567.70,109
695,Fashion,133,165,12531.36,150
1393,Books,125,151,12517.16,27
862,Beauty,118,133,12487.93,110
33,Fashion,116,132,12481.51,151
622,Books,124,149,12453.83,28
724,Fashion,123,153,12425.97,152
511,Fashion,132,150,12408.58,153
217,Fashion,133,151,12398.62,154
743,Food,127,158,12375.87,33
757,Sports,152,183,12355.34,190
831,Sports,137,165,12333.35,191
334,Sports,129,156,12319.62,192
1198,Food,134,167,12299.91,34
1070,Books,138,155,12290.33,29
1432,Food,111,125,12288.79,35
437,Books,131,149,12281.85,30
330,Books,150,173,12208.02,31
1444,Sports,126,153,12207.16,193
101,Food,94,110,12180.39,36
1154,Food,130,153,12107.84,37
1382,Home,123,138,12068.89,257
223,Beauty,118,139,12042.11,111
1330,Fashion,134,167,12040.17,155
896,Fashion,138,166,12012.88,156
138,Beauty,145,179,11988.60,112
286,Home,113,134,11980.49,258
183,Books,145,180,11942.29,32
481,Fashion,110,122,11904.80,157
333,Books,134,160,11886.86,33
996,Food,108,129,11867.84,38
499,Food,143,173,11852.59,39
642,Beauty,132,156,11833.50,113
1319,Books,131,155,11824.99,34
771,Fashion,119,134,11807.73,158
920,Food,134,163,11800.91,40
1158,Books,135,158,11799.24,35
434,Sports,119,150,11784.94,194
1458,Food,149,183,11754.28,41
117,Sports,120,145,11730.10,195
1303,Fashion,127,158,11719.45,159
14,Home,121,140,11681.45,259
234,Beauty,128,156,11674.76,114
1284,Fashion,129,161,11663.33,160
495,Beauty,115,135,11653.09,115
1161,Beauty,130,152,11630.81,116
915,Books,130,152,11620.15,36
619,Home,139,163,11603.90,260
855,Electronics,128,147,11599.64,237
356,Fashion,115,129,11550.41,161
617,Fashion,133,150,11528.51,162
1321,Food,116,138,11519.58,42
1468,Fashion,133,158,11506.23,163
39,Beauty,150,184,11503.39,117
995,Food,123,140,11497.54,43
55,Fashion,135,152,11495.12,164
53,Home,130,157,11491.11,261
889,Sports,128,150,11480.53,196
205,Beauty,106,126,11393.78,118
1373,Beauty,140,165,11369.09,119
1249,Fashion,126,151,11365.59,165
702,Fashion,125,140,11360.65,166
261,Beauty,133,169,11352.59,120
866,Beauty,115,141,11350.14,121
1000,Fashion,126,149,11287.77,167
610,Books,130,158,11287.25,37
46,Beauty,119,146,11254.11,122
938,Fashion,118,152,11253.01,168
1255,Home,137,162,11246.60,262
392,Books,139,170,11234.34,38
936,Beauty,123,149,11217.42,123
1253,Beauty,122,146,11202.62,124
177,Books,121,137,11168.42,39
1292,Fashion,114,131,11157.21,169
395,Books,110,138,11143.15,40
1472,Food,122,144,11125.68,44
1187,Fashion,131,161,11114.93,170
249,Sports,121,134,11065.86,197
1424,Fashion,119,143,11064.28,171
194,Food,130,149,11061.57,45
885,Fashion,119,138,11057.25,172
1023,Food,123,146,11054.34,46
75,Beauty,122,137,10990.67,125
1045,Home,131,156,10986.29,263
470,Home,128,152,10972.78,264
817,Beauty,133,163,10947.59,126
493,Sports,118,136,10940.95,198
604,Books,127,155,10931.28,41
801,Fashion,119,141,10849.29,173
1383,Home,108,131,10839.26,265
222,Fashion,123,137,10832.27,174
48,Sports,118,133,10761.11,199
536,Sports,97,109,10752.83,200
588,Food,109,127,10723.83,47
410,Beauty,125,139,10696.14,127
97,Beauty,129,148,10665.62,128
289,Fashion,146,164,10547.11,175
322,Fashion,140,160,10537.87,176
236,Food,147,166,10534.41,48
123,Books,142,171,10517.42,42
1293,Sports,122,146,10500.95,201
514,Books,133,154,10496.69,43
923,Food,124,150,10492.73,49
71,Food,143,161,10399.51,50
1032,Beauty,128,147,10386.56,129
1270,Beauty,116,138,10378.95,130
209,Sports,127,155,10372.91,202
1385,Beauty,136,160,10363.09,131
1103,Home,98,111,10358.38,266
1338,Books,137,161,10356.40,44
1346,Fashion,141,176,10315.29,177
1271,Fashion,131,155,10307.54,178
733,Books,138,169,10289.47,45
554,Home,101,114,10258.99,267
1320,Beauty,130,155,10210.69,132
68,Food,115,136,10198.90,51
422,Home,118,148,10194.45,268
762,Food,124,152,10129.15,52
628,Food,126,155,10111.38,53
1471,Beauty,112,138,10096.05,133
1403,Food,125,146,10071.81,54
788,Books,130,156,10064.06,46
76,Books,125,150,10014.16,47
1360,Books,139,164,10003.41,48
748,Fashion,127,165,9997.60,179
847,Beauty,140,167,9972.64,134
890,Beauty,124,157,9955.10,135
347,Sports,128,147,9948.29,203
963,Books,121,154,9926.81,49
359,Food,157,178,9861.93,55
1300,Food,117,130,9856.87,56
840,Home,127,153,9803.55,269
1044,Fashion,130,149,9777.89,180
806,Books,140,175,9766.52,50
843,Fashion,117,131,9738.79,181
457,Books,142,180,9724.42,51
1081,Books,124,160,9716.79,52
103,Fashion,127,149,9712.51,182
579,Fashion,133,150,9687.04,183
613,Home,117,142,9679.45,270
559,Food,148,167,9660.33,57
325,Books,133,159,9648.47,53
1027,Beauty,111,138,9613.43,136
28,Fashion,137,160,9586.47,184
74,Beauty,122,145,9575.70,137
846,Books,143,166,9549.62,54
1311,Beauty,122,141,9537.43,138
172,Food,144,170,9530.53,58
318,Beauty,126,142,9502.13,139
961,Beauty,144,165,9481.35,140
607,Books,145,170,9479.85,55
1053,Food,111,127,9470.21,59
760,Beauty,134,152,9427.24,141
1305,Food,141,171,9394.57,60
502,Food,136,164,9345.45,61
406,Beauty,132,157,9343.00,142
1188,Fashion,125,149,9336.64,185
878,Sports,123,159,9328.30,204
413,Food,125,146,9321.11,62
108,Sports,118,143,9317.35,205
512,Food,131,155,9316.50,63
614,Sports,121,137,9275.67,206
94,Books,128,151,9261.35,56
198,Food,131,160,9253.74,64
1349,Sports,128,148,9249.66,207
1126,Books,121,139,9207.49,57
292,Beauty,130,168,9193.48,143
1367,Home,122,147,9068.36,271
288,Sports,113,131,9056.81,208
931,Sports,119,150,9056.12,209
1294,Beauty,114,137,9014.70,144
104,Sports,118,141,9009.02,210
19,Beauty,140,162,9002.77,145
88,Fashion,129,152,8998.73,186
1144,Books,127,154,8987.04,58
1145,Beauty,110,129,8958.52,146
1420,Food,133,153,8954.25,65
589,Books,118,138,8952.50,59
547,Beauty,125,140,8937.17,147
1364,Beauty,113,132,8921.18,148
947,Food,143,172,8919.78,66
442,Books,121,147,8912.56,60
918,Books,132,153,8909.94,61
606,Books,123,144,8907.03,62
1090,Fashion,137,166,8886.37,187
793,Books,124,148,8824.89,63
978,Sports,113,138,8817.36,211
669,Food,118,139,8816.26,67
482,Books,129,168,8815.25,64
655,Books,122,151,8799.82,65
158,Books,161,186,8798.37,66
507,Fashion,109,128,8738.54,188
263,Books,127,150,8717.01,67
1402,Beauty,113,128,8708.01,149
91,Food,125,141,8703.09,68
652,Books,119,140,8699.12,68
1337,Books,135,169,8649.58,69
576,Beauty,119,128,8643.28,150
951,Books,128,157,8633.38,70
864,Books,122,136,8631.73,71
1001,Sports,111,138,8602.95,212
1286,Beauty,131,155,8598.28,151
210,Books,124,148,8596.74,72
61,Home,130,149,8559.72,272
1160,Books,119,132,8470.25,73
1426,Sports,131,155,8463.61,213
1476,Books,124,149,8463.38,74
386,Sports,114,125,8455.35,214
1058,Fashion,127,152,8448.99,189
1011,Food,136,171,8426.97,69
1410,Books,128,153,8347.89,75
542,Food,133,151,8301.13,70
73,Fashion,135,150,8278.82,190
1232,Food,122,144,8263.57,71
494,Food,138,166,8246.43,72
31,Food,127,147,8232.49,73
871,Food,109,120,8226.09,74
13,Books,134,157,8198.53,76
453,Fashion,117,132,8187.97,191
34,Fashion,113,132,8155.01,192
164,Beauty,105,120,8125.42,152
980,Beauty,124,142,8105.93,153
335,Books,120,144,8100.09,77
993,Fashion,121,150,8096.17,193
466,Food,127,154,8050.97,75
1500,Beauty,133,158,8036.29,154
1119,Food,105,119,8035.90,76
212,Fashion,112,125,7941.04,194
278,Books,141,165,7933.54,78
802,Home,139,165,7912.98,273
1481,Beauty,122,147,7912.00,155
705,Books,118,154,7872.03,79
557,Food,102,120,7862.61,77
1499,Beauty,117,139,7858.14,156
1418,Fashion,123,144,7856.96,195
109,Sports,124,143,7849.00,215
364,Food,146,168,7761.65,78
681,Food,131,148,7758.73,79
480,Food,132,151,7733.87,80
1469,Beauty,106,117,7723.08,157
634,Food,134,157,7696.03,81
968,Food,118,145,7689.62,82
1170,Books,129,149,7675.82,80
247,Beauty,138,162,7662.34,158
635,Food,145,165,7660.49,83
455,Beauty,132,155,7656.87,159
1130,Fashion,123,144,7649.66,196
258,Sports,110,127,7604.77,216
310,Beauty,124,145,7603.86,160
373,Beauty,130,152,7601.71,161
69,Beauty,116,140,7601.44,162
348,Books,127,155,7566.33,81
360,Food,133,154,7552.46,84
1062,Food,135,156,7551.18,85
714,Food,119,139,7536.68,86
1306,Books,133,162,7531.44,82
444,Beauty,119,136,7521.91,163
273,Beauty,108,131,7506.09,164
1048,Books,133,171,7505.58,83
371,Books,128,161,7484.45,84
1282,Books,138,172,7483.26,85
1152,Beauty,134,160,7459.20,165
283,Sports,124,145,7443.01,217
391,Books,111,123,7440.26,86
677,Food,136,152,7430.82,87
498,Home,130,151,7429.93,274
1446,Beauty,129,148,7428.95,166
1398,Books,122,151,7422.44,87
1276,Fashion,122,134,7401.25,197
452,Books,118,137,7358.70,88
1072,Books,105,116,7304.29,89
987,Books,113,140,7291.46,90
751,Fashion,131,153,7289.72,198
1105,Books,132,158,7268.57,91
171,Books,119,147,7190.45,92
458,Food,116,139,7183.73,88
72,Food,120,144,7176.74,89
631,Beauty,115,138,7169.39,167
513,Fashion,115,136,7165.16,199
450,Food,121,147,7132.04,90
540,Beauty,107,122,7107.37,168
239,Books,118,133,7106.54,93
298,Books,135,163,7087.38,94
1459,Fashion,129,155,7071.48,200
875,Books,129,154,7041.81,95
656,Food,105,123,7035.30,91
888,Fashion,123,148,6973.77,201
1328,Books,131,166,6950.18,96
49,Books,144,182,6937.18,97
1376,Food,147,176,6886.72,92
1281,Books,121,145,6876.25,98
767,Books,143,177,6872.69,99
747,Food,125,148,6828.92,93
585,Food,107,123,6826.62,94
805,Beauty,125,145,6821.71,169
1275,Books,135,163,6806.36,100
787,Beauty,104,132,6801.41,170
824,Beauty,114,133,6777.90,171
863,Books,129,156,6766.57,101
672,Books,131,153,6733.38,102
1238,Books,126,152,6722.87,103
682,Food,135,159,6667.65,95
1301,Food,119,138,6634.92,96
525,Beauty,129,148,6630.40,172
567,Books,115,135,6624.02,104
1409,Beauty,123,145,6622.18,173
877,Books,124,143,6604.18,105
358,Books,126,146,6559.85,106
797,Fashion,121,145,6552.71,202
478,Food,135,155,6550.95,97
984,Fashion,107,122,6528.68,203
1497,Food,116,135,6488.36,98
1291,Beauty,128,151,6453.61,174
1201,Beauty,119,137,6453.02,175
417,Books,103,124,6450.84,107
112,Books,121,147,6444.65,108
605,Beauty,117,131,6419.97,176
1095,Books,114,138,6406.69,109
1268,Fashion,114,126,6399.63,204
433,Books,118,139,6374.44,110
1171,Food,148,174,6352.46,99
1315,Fashion,120,141,6348.80,205
1478,Books,130,150,6341.66,111
357,Sports,116,132,6289.23,218
741,Fashion,113,142,6274.64,206
593,Food,115,143,6258.32,100
1438,Food,125,149,6247.53,101
127,Food,127,159,6235.45,102
1055,Food,142,163,6233.90,103
1018,Food,104,122,6209.71,104
1004,Food,145,164,6202.38,105
477,Food,132,157,6197.97,106
937,Food,107,133,6177.11,107
189,Beauty,118,144,6139.12,177
1147,Food,118,144,6133.96,108
1322,Fashion,132,165,6124.09,207
382,Books,127,150,6123.10,112
1138,Beauty,116,129,6119.54,178
758,Beauty,133,154,6117.38,179
1050,Books,111,137,6084.93,113
501,Fashion,115,137,6076.82,208
653,Food,119,138,6075.34,109
1350,Books,122,141,6073.57,114
1433,Books,138,163,6071.48,115
137,Books,139,168,6066.94,116
1156,Beauty,119,144,6026.59,180
1462,Food,135,160,6022.41,110
1297,Books,124,139,5994.41,117
1184,Books,122,148,5988.67,118
935,Beauty,126,156,5983.58,181
1355,Beauty,128,145,5980.05,182
1235,Books,140,170,5974.97,119
717,Food,139,173,5949.51,111
749,Books,123,151,5896.74,120
1059,Books,125,147,5858.51,121
700,Food,122,156,5824.99,112
603,Beauty,92,117,5790.66,183
1261,Books,105,131,5761.20,122
1029,Food,132,146,5759.34,113
539,Food,126,150,5708.57,114
93,Food,118,141,5606.53,115
991,Beauty,113,135,5606.45,184
772,Food,120,143,5599.62,116
732,Home,133,153,5593.22,275
352,Food,137,160,5585.21,117
640,Food,120,136,5570.67,118
725,Food,107,127,5554.06,119
1257,Books,132,151,5513.65,123
316,Food,139,166,5495.12,120
667,Books,125,151,5482.87,124
1324,Food,134,155,5456.96,121
756,Food,108,126,5428.64,122
54,Food,124,146,5416.24,123
820,Books,107,127,5406.50,125
1111,Beauty,118,142,5384.78,185
1,Books,109,129,5370.34,126
1254,Beauty,131,152,5360.75,186
825,Books,115,134,5333.89,127
224,Sports,135,163,5332.36,219
134,Fashion,119,138,5328.71,209
1129,Food,116,136,5328.06,124
462,Books,134,162,5326.96,128
448,Food,109,129,5315.88,125
1411,Books,122,151,5299.26,129
720,Fashion,117,139,5295.15,210
432,Books,114,134,5285.41,130
125,Books,118,146,5251.53,131
1097,Books,134,173,5231.81,132
1341,Books,113,134,5227.70,133
469,Beauty,117,135,5215.28,187
744,Fashion,123,140,5191.48,211
786,Books,138,155,5179.97,134
774,Books,136,166,5139.64,135
737,Beauty,121,146,5067.82,188
1405,Beauty,118,138,5038.55,189
1342,Food,109,119,5018.51,126
838,Books,122,154,4991.74,136
203,Books,117,134,4933.26,137
1394,Food,108,133,4903.56,127
1440,Beauty,126,143,4876.36,190
719,Books,117,131,4866.41,138
1354,Books,123,142,4851.67,139
1110,Fashion,119,147,4847.88,212
942,Books,120,142,4839.95,140
204,Books,116,135,4839.91,141
163,Fashion,112,135,4834.03,213
105,Fashion,104,127,4819.29,214
742,Food,118,144,4817.96,128
872,Books,122,140,4814.40,142
1412,Food,107,118,4755.19,129
819,Food,140,173,4719.25,130
546,Beauty,130,148,4680.93,191
1251,Books,134,155,4622.31,143
63,Food,147,174,4618.33,131
1094,Books,114,134,4613.46,144
1169,Beauty,123,131,4611.43,192
1288,Books,130,153,4589.95,145
1203,Food,115,140,4585.00,132
200,Food,98,118,4559.98,133
368,Books,105,124,4539.20,146
135,Food,117,138,4519.93,134
1323,Food,128,152,4497.20,135
367,Books,104,121,4458.94,147
897,Books,132,158,4429.72,148
237,Food,117,138,4425.13,136
320,Books,130,164,4424.15,149
414,Beauty,141,166,4414.59,193
211,Books,125,147,4410.29,150
845,Books,118,139,4375.32,151
570,Books,133,161,4371.06,152
1185,Food,141,171,4345.99,137
276,Books,114,129,4323.08,153
529,Books,128,156,4322.40,154
586,Food,134,154,4275.13,138
1374,Books,120,150,4252.03,155
435,Beauty,130,147,4240.97,194
626,Books,144,179,4226.60,156
343,Food,111,139,4216.63,139
92,Food,124,149,4205.77,140
421,Beauty,134,155,4205.34,195
399,Beauty,123,139,4202.08,196
336,Books,131,157,4182.65,157
99,Books,110,130,4182.46,158
268,Books,130,154,4134.00,159
476,Food,108,133,4094.90,141
403,Fashion,152,175,4077.79,215
782,Fashion,118,137,4067.27,216
1180,Books,138,165,4045.09,160
643,Books,105,125,3989.64,161
870,Food,146,167,3985.94,142
868,Books,135,162,3976.90,162
1429,Books,110,127,3935.65,163
1278,Books,115,129,3930.30,164
1132,Books,117,136,3915.27,165
541,Food,131,148,3897.27,143
908,Books,121,143,3894.14,166
1237,Books,137,155,3887.04,167
1049,Books,119,133,3796.01,168
971,Food,114,138,3794.37,144
881,Books,121,142,3789.01,169
859,Food,119,147,3771.01,145
768,Books,121,143,3731.71,170
1242,Books,129,147,3730.41,171
674,Books,134,167,3721.74,172
914,Books,131,153,3695.29,173
811,Beauty,138,156,3671.52,197
1397,Books,103,113,3669.82,174
916,Books,126,145,3655.63,175
1136,Books,116,139,3518.22,176
350,Books,143,176,3515.91,177
379,Books,126,148,3499.70,178
953,Fashion,111,135,3477.15,217
699,Books,126,138,3454.83,179
362,Food,127,152,3420.76,146
1099,Food,106,133,3411.63,147
1087,Food,106,129,3360.63,148
689,Books,124,141,3341.01,180
4,Books,97,121,3340.95,181
1279,Books,126,146,3267.71,182
468,Food,105,117,3245.38,149
187,Food,130,152,3191.06,150
349,Books,116,139,3156.42,183
394,Fashion,97,114,3122.04,218
754,Books,123,145,3113.53,184
708,Food,116,134,3069.30,151
429,Food,121,144,3067.09,152
228,Books,122,149,2901.07,185
1445,Books,125,152,2897.40,186
1489,Food,150,176,2881.05,153
600,Beauty,136,156,2795.96,198
574,Books,118,145,2786.84,187
119,Beauty,131,148,2689.70,199
731,Books,108,130,2650.75,188
1109,Food,129,156,2638.34,154
560,Books,124,155,2603.78,189
124,Books,126,143,2515.73,190
143,Books,129,159,2461.54,191
1247,Books,124,148,2458.46,192
850,Books,115,148,2450.76,193
736,Books,116,139,2447.25,194
1490,Food,107,126,1863.31,155
999,Books,117,141,1786.94,195
1219,Books,103,123,1624.73,196
1456,Food,111,130,1446.52,156
